{
  "Logi C270 HD WebCam": {
    "width": 1280,
    "height": 960,
    "fps": 24,
    "distortion_data": {
      "distortion_coefficients": [
        0.12281752888597708,
        0.016058831145915952,
        0.02130242371068102,
        0.04093240737459741,
        -0.012413549310986927
      ],
      "camera_matrix": [
        1252.0198332116545,
        0.0,
        771.7642517707776,
        0.0,
        1245.3840560356532,
        690.6009359820179,
        0.0,
        0.0,
        1.0
      ],
      "new_camera_matrix": [
        1255.4389438961905,
        0.0,
        800.5569683399867,
        0.0,
        1237.1487719152074,
        695.651197038814,
        0.0,
        0.0,
        1.0
      ],
      "roi_x": 14,
      "roi_y": 38,
      "roi_width": 1246,
      "roi_height": 904
    }
  }
}