{
  "Logi C270 HD WebCam": {
    "width": 1280,
    "height": 960,
    "fps": 24,
    "distortion_data": {
      "distortion_coefficients": [
        0.07889565782592099,
        0.29931292097846257,
        -0.005992528042481034,
        0.002402750832007669,
        -0.4756497938100492
      ],
      "camera_matrix": [
        1197.8141901928195,
        0.0,
        615.0354883149616,
        0.0,
        1196.1211219952186,
        411.5571263919199,
        0.0,
        0.0,
        1.0
      ],
      "new_camera_matrix": [
        1237.8504618457089,
        0.0,
        618.8020097070976,
        0.0,
        1216.7663977187071,
        411.08667657510455,
        0.0,
        0.0,
        1.0
      ],
      "roi_x": 10,
      "roi_y": 16,
      "roi_width": 1259,
      "roi_height": 928
    }
  }
}